product_id,product_name,category,standard_price
P001,Laptop,Electronics,50000
P002,Mobile Phone,Electronics,20000
P003,Headphones,Electronics,3000
P004,Keyboard,Accessories,1500
P005,Mouse,Accessories,800
P006,Monitor,Electronics,12000
P007,Office Chair,Furniture,5000
P008,Study Desk,Furniture,7000
P009,Printer,Electronics,10000
P010,Webcam,Accessories,2500